Name,Phone
Aaron Anderson,610-555-0101,2026-02-21T16:33:06.419044100
Abigail Adams,215-555-0102,2026-02-21T16:33:06.419044100
Adrian Archer,484-555-0103,2026-02-21T16:33:06.419044100
Adrian Atwater,302-555-0999,2026-02-21T16:33:06.419044100
Alan Austin,302-555-0104,2026-02-21T16:33:06.419044100
Alex Avery,610-555-0105,2026-02-21T16:33:06.419044100
Alice Almond,215-555-0106,2026-02-21T16:33:06.419044100
Amanda Asher,484-555-0107,2026-02-21T16:33:06.419044100
Amber Atkins,302-555-0108,2026-02-21T16:33:06.419044100
Andrew Apple,610-555-0109,2026-02-21T16:33:06.419044100
Anthony Astin,215-555-0110,2026-02-21T16:33:06.419044100
Barbara Bell,484-555-0111,2026-02-21T16:33:06.419044100
Barry Bond,302-555-0112,2026-02-21T16:33:06.419044100
Beatrice Boyd,610-555-0113,2026-02-21T16:33:06.419044100
Benjamin Blair,215-555-0114,2026-02-21T16:33:06.419044100
Bernard Birch,484-555-0115,2026-02-21T16:33:06.419044100
Bethany Brooks,302-555-0116,2026-02-21T16:33:06.419044100
Blake Baker,610-555-0117,2026-02-21T16:33:06.419044100
Bobby Bogart,444-233-4451,2026-02-21T16:33:06.420044100
Bobby Brown,215-555-0666,2026-02-21T16:33:06.420044100
Brandon Black,215-555-0118,2026-02-21T16:33:06.419044100
Brenda Brown,484-555-0119,2026-02-21T16:33:06.419044100
Brian Burke,302-555-0120,2026-02-21T16:33:06.419044100
Caleb Clark,610-555-0121,2026-02-21T16:33:06.419044100
Cameron Cole,215-555-0122,2026-02-21T16:33:06.419044100
Carl Carlson,484-555-0123,2026-02-21T16:33:06.419044100
Cassie Casey,302-555-0124,2026-02-21T16:33:06.419044100
Catherine Carr,610-555-0125,2026-02-21T16:33:06.419044100
Charles Chase,215-555-0126,2026-02-21T16:33:06.419044100
Charles Clark,484-555-0888,2026-02-21T16:33:06.419044100
Chloe Crane,484-555-0127,2026-02-21T16:33:06.419044100
Chris Craft,302-555-0128,2026-02-21T16:33:06.419044100
Cody Cook,610-555-0129,2026-02-21T16:33:06.419044100
Connor Cross,215-555-0130,2026-02-21T16:33:06.419044100
Daisy Dale,484-555-0131,2026-02-21T16:33:06.419044100
Daniel Dunn,302-555-0132,2026-02-21T16:33:06.419044100
David Day,610-555-0133,2026-02-21T16:33:06.419044100
Deborah Deal,215-555-0134,2026-02-21T16:33:06.419044100
Dennis Drew,484-555-0135,2026-02-21T16:33:06.419044100
Diana Duke,302-555-0136,2026-02-21T16:33:06.419044100
Donald Drake,610-555-0137,2026-02-21T16:33:06.419044100
Douglas Dye,215-555-0138,2026-02-21T16:33:06.419044100
Dylan Dash,484-555-0139,2026-02-21T16:33:06.419044100
Edward Edge,302-555-0140,2026-02-21T16:33:06.420044100
Eleanor Eels,610-555-0141,2026-02-21T16:33:06.420044100
Elias Elks,215-555-0142,2026-02-21T16:33:06.420044100
Elizabeth Ems,484-555-0143,2026-02-21T16:33:06.420044100
Emily Ernst,302-555-0144,2026-02-21T16:33:06.420044100
Eric Evans,610-555-0145,2026-02-21T16:33:06.420044100
Ethan Ewan,215-555-0146,2026-02-21T16:33:06.420044100
Eva Everly,484-555-0147,2026-02-21T16:33:06.420044100
Ezra Eagle,302-555-0148,2026-02-21T16:33:06.420044100
Faith Finch,610-555-0149,2026-02-21T16:33:06.420044100
Felicia Frost,215-555-0150,2026-02-21T16:33:06.420044100
Fiona Flynn,484-555-0151,2026-02-21T16:33:06.420044100
Frank Ford,302-555-0152,2026-02-21T16:33:06.420044100
Freddie Fox,610-555-0153,2026-02-21T16:33:06.420044100
Gabriel Glass,215-555-0154,2026-02-21T16:33:06.420044100
Gavin Grant,484-555-0155,2026-02-21T16:33:06.420044100
George Gills,302-555-0156,2026-02-21T16:33:06.420044100
Grace Green,610-555-0157,2026-02-21T16:33:06.420044100
Gregory Grey,215-555-0158,2026-02-21T16:33:06.420044100
Hannah Hall,484-555-0159,2026-02-21T16:33:06.420044100
Harold Holt,302-555-0160,2026-02-21T16:33:06.420044100
Heather Hill,610-555-0161,2026-02-21T16:33:06.420044100
Henry Hope,215-555-0162,2026-02-21T16:33:06.420044100
Holly Hunt,484-555-0163,2026-02-21T16:33:06.420044100
Isaac Inch,302-555-0164,2026-02-21T16:33:06.420044100
Isabel Ivy,610-555-0165,2026-02-21T16:33:06.420044100
Jacob Jett,484-555-0167,2026-02-21T16:33:06.420044100
James Jinx,302-555-0168,2026-02-21T16:33:06.420044100
Jane Jost,610-555-0169,2026-02-21T16:33:06.420044100
Name,Phone,2026-02-21T20:06:26.541098
Name,Phone,2026-02-21T16:33:44.909679700
Name,Phone,2026-02-21T16:33:06.415043500
Xander Xavier,215-555-0170,2026-02-21T16:33:06.420044100
Xenia Xerox,484-555-0171,2026-02-21T16:33:06.420044100
Yara Yard,302-555-0172,2026-02-21T16:33:06.420044100
Yasmine York,610-555-0173,2026-02-21T16:33:06.420044100
Yusuf Young,215-555-0174,2026-02-21T16:33:06.420044100
Zachary Zane,484-555-0175,2026-02-21T16:33:06.420044100
Zelda Zwick,302-555-0176,2026-02-21T16:33:06.420044100
Zion Adams,610-555-0777,2026-02-21T16:33:06.420044100
